{"users":[{"AllowedToDelegate": [], "ObjectIdentifier": "S-1-5-21-1035856440-4137329016-3276773158-1105", "PrimaryGroupSid": "S-1-5-21-1035856440-4137329016-3276773158-513", "Properties": {"name": "SANDRA@MEGACORP.LOCAL", "domain": "MEGACORP.LOCAL", "objectid": "S-1-5-21-1035856440-4137329016-3276773158-1105", "distinguishedname": "CN=sandra,CN=Users,DC=MEGACORP,DC=LOCAL", "highvalue": false, "unconstraineddelegation": false, "passwordnotreqd": false, "enabled": true, "lastlogon": 1584470377, "lastlogontimestamp": 1592091020, "pwdlastset": 1584749860, "dontreqpreauth": false, "pwdneverexpires": false, "sensitive": false, "serviceprincipalnames": [], "hasspn": false, "displayname": null, "email": null, "title": null, "homedirectory": null, "description": null, "userpassword": null, "admincount": false, "sidhistory": []}, "Aces": [{"RightName": "Owner", "AceType": "", "IsInherited": false, "PrincipalSID": "S-1-5-21-1035856440-4137329016-3276773158-512", "PrincipalType": "Group"}, {"RightName": "GenericAll", "AceType": "", "IsInherited": false, "PrincipalSID": "S-1-5-21-1035856440-4137329016-3276773158-512", "PrincipalType": "Group"}, {"RightName": "GenericAll", "AceType": "", "IsInherited": false, "PrincipalSID": "MEGACORP.LOCAL-S-1-5-32-548", "PrincipalType": "Group"}, {"RightName": "GenericAll", "AceType": "", "IsInherited": true, "PrincipalSID": "S-1-5-21-1035856440-4137329016-3276773158-519", "PrincipalType": "Group"}, {"RightName": "GenericAll", "AceType": "", "IsInherited": true, "PrincipalSID": "S-1-5-21-1035856440-4137329016-3276773158-1104", "PrincipalType": "User"}, {"RightName": "GenericWrite", "AceType": "", "IsInherited": true, "PrincipalSID": "MEGACORP.LOCAL-S-1-5-32-544", "PrincipalType": "Group"}, {"RightName": "WriteOwner", "AceType": "", "IsInherited": true, "PrincipalSID": "MEGACORP.LOCAL-S-1-5-32-544", "PrincipalType": "Group"}, {"RightName": "ExtendedRight", "AceType": "All", "IsInherited": true, "PrincipalSID": "MEGACORP.LOCAL-S-1-5-32-544", "PrincipalType": "Group"}, {"RightName": "WriteDacl", "AceType": "", "IsInherited": true, "PrincipalSID": "MEGACORP.LOCAL-S-1-5-32-544", "PrincipalType": "Group"}], "SPNTargets": [], "HasSIDHistory": []},{"AllowedToDelegate": [], "ObjectIdentifier": "S-1-5-21-1035856440-4137329016-3276773158-1104", "PrimaryGroupSid": "S-1-5-21-1035856440-4137329016-3276773158-513", "Properties": {"name": "SVC_BES@MEGACORP.LOCAL", "domain": "MEGACORP.LOCAL", "objectid": "S-1-5-21-1035856440-4137329016-3276773158-1104", "distinguishedname": "CN=svc_maint,CN=Users,DC=MEGACORP,DC=LOCAL", "highvalue": false, "unconstraineddelegation": false, "passwordnotreqd": false, "enabled": true, "lastlogon": 1592084107, "lastlogontimestamp": 1592078052, "pwdlastset": 1584749814, "dontreqpreauth": true, "pwdneverexpires": false, "sensitive": false, "serviceprincipalnames": ["MSSQLSvc/SQL02.MEGACORP.LOCAL:1443", "MSSQLSvc/SQL02.MEGACORP.LOCAL:1433"], "hasspn": true, "displayname": null, "email": null, "title": null, "homedirectory": null, "description": null, "userpassword": null, "admincount": false, "sidhistory": []}, "Aces": [{"RightName": "Owner", "AceType": "", "IsInherited": false, "PrincipalSID": "S-1-5-21-1035856440-4137329016-3276773158-512", "PrincipalType": "Group"}, {"RightName": "GenericAll", "AceType": "", "IsInherited": false, "PrincipalSID": "S-1-5-21-1035856440-4137329016-3276773158-512", "PrincipalType": "Group"}, {"RightName": "GenericAll", "AceType": "", "IsInherited": false, "PrincipalSID": "MEGACORP.LOCAL-S-1-5-32-548", "PrincipalType": "Group"}, {"RightName": "GenericAll", "AceType": "", "IsInherited": true, "PrincipalSID": "S-1-5-21-1035856440-4137329016-3276773158-519", "PrincipalType": "Group"}, {"RightName": "GenericAll", "AceType": "", "IsInherited": true, "PrincipalSID": "S-1-5-21-1035856440-4137329016-3276773158-1104", "PrincipalType": "User"}, {"RightName": "GenericWrite", "AceType": "", "IsInherited": true, "PrincipalSID": "MEGACORP.LOCAL-S-1-5-32-544", "PrincipalType": "Group"}, {"RightName": "WriteOwner", "AceType": "", "IsInherited": true, "PrincipalSID": "MEGACORP.LOCAL-S-1-5-32-544", "PrincipalType": "Group"}, {"RightName": "ExtendedRight", "AceType": "All", "IsInherited": true, "PrincipalSID": "MEGACORP.LOCAL-S-1-5-32-544", "PrincipalType": "Group"}, {"RightName": "WriteDacl", "AceType": "", "IsInherited": true, "PrincipalSID": "MEGACORP.LOCAL-S-1-5-32-544", "PrincipalType": "Group"}], "SPNTargets": [], "HasSIDHistory": []},{"AllowedToDelegate": [], "ObjectIdentifier": "S-1-5-21-1035856440-4137329016-3276773158-501", "PrimaryGroupSid": "S-1-5-21-1035856440-4137329016-3276773158-514", "Properties": {"name": "GUEST@MEGACORP.LOCAL", "domain": "MEGACORP.LOCAL", "objectid": "S-1-5-21-1035856440-4137329016-3276773158-501", "distinguishedname": "CN=Guest,CN=Users,DC=MEGACORP,DC=LOCAL", "highvalue": false, "unconstraineddelegation": false, "passwordnotreqd": true, "enabled": false, "lastlogon": -1, "lastlogontimestamp": -1, "pwdlastset": -1, "dontreqpreauth": false, "pwdneverexpires": true, "sensitive": false, "serviceprincipalnames": [], "hasspn": false, "displayname": null, "email": null, "title": null, "homedirectory": null, "description": "Built-in account for guest access to the computer/domain", "userpassword": null, "admincount": false, "sidhistory": []}, "Aces": [{"RightName": "Owner", "AceType": "", "IsInherited": false, "PrincipalSID": "MEGACORP.LOCAL-S-1-5-32-544", "PrincipalType": "Group"}, {"RightName": "GenericAll", "AceType": "", "IsInherited": false, "PrincipalSID": "S-1-5-21-1035856440-4137329016-3276773158-512", "PrincipalType": "Group"}, {"RightName": "GenericAll", "AceType": "", "IsInherited": false, "PrincipalSID": "MEGACORP.LOCAL-S-1-5-32-548", "PrincipalType": "Group"}, {"RightName": "GenericAll", "AceType": "", "IsInherited": true, "PrincipalSID": "S-1-5-21-1035856440-4137329016-3276773158-519", "PrincipalType": "Group"}, {"RightName": "GenericAll", "AceType": "", "IsInherited": true, "PrincipalSID": "S-1-5-21-1035856440-4137329016-3276773158-1104", "PrincipalType": "User"}, {"RightName": "GenericWrite", "AceType": "", "IsInherited": true, "PrincipalSID": "MEGACORP.LOCAL-S-1-5-32-544", "PrincipalType": "Group"}, {"RightName": "WriteOwner", "AceType": "", "IsInherited": true, "PrincipalSID": "MEGACORP.LOCAL-S-1-5-32-544", "PrincipalType": "Group"}, {"RightName": "ExtendedRight", "AceType": "All", "IsInherited": true, "PrincipalSID": "MEGACORP.LOCAL-S-1-5-32-544", "PrincipalType": "Group"}, {"RightName": "WriteDacl", "AceType": "", "IsInherited": true, "PrincipalSID": "MEGACORP.LOCAL-S-1-5-32-544", "PrincipalType": "Group"}], "SPNTargets": [], "HasSIDHistory": []},{"AllowedToDelegate": [], "ObjectIdentifier": "S-1-5-21-1035856440-4137329016-3276773158-502", "PrimaryGroupSid": "S-1-5-21-1035856440-4137329016-3276773158-513", "Properties": {"name": "KRBTGT@MEGACORP.LOCAL", "domain": "MEGACORP.LOCAL", "objectid": "S-1-5-21-1035856440-4137329016-3276773158-502", "distinguishedname": "CN=krbtgt,CN=Users,DC=MEGACORP,DC=LOCAL", "highvalue": false, "unconstraineddelegation": false, "passwordnotreqd": false, "enabled": false, "lastlogon": -1, "lastlogontimestamp": -1, "pwdlastset": 1579989214, "dontreqpreauth": false, "pwdneverexpires": false, "sensitive": false, "serviceprincipalnames": ["kadmin/changepw"], "hasspn": true, "displayname": null, "email": null, "title": null, "homedirectory": null, "description": "Key Distribution Center Service Account", "userpassword": null, "admincount": true, "sidhistory": []}, "Aces": [{"RightName": "Owner", "AceType": "", "IsInherited": false, "PrincipalSID": "S-1-5-21-1035856440-4137329016-3276773158-512", "PrincipalType": "Group"}, {"RightName": "GenericWrite", "AceType": "", "IsInherited": false, "PrincipalSID": "S-1-5-21-1035856440-4137329016-3276773158-512", "PrincipalType": "Group"}, {"RightName": "WriteOwner", "AceType": "", "IsInherited": false, "PrincipalSID": "S-1-5-21-1035856440-4137329016-3276773158-512", "PrincipalType": "Group"}, {"RightName": "ExtendedRight", "AceType": "All", "IsInherited": false, "PrincipalSID": "S-1-5-21-1035856440-4137329016-3276773158-512", "PrincipalType": "Group"}, {"RightName": "WriteDacl", "AceType": "", "IsInherited": false, "PrincipalSID": "S-1-5-21-1035856440-4137329016-3276773158-512", "PrincipalType": "Group"}, {"RightName": "GenericWrite", "AceType": "", "IsInherited": false, "PrincipalSID": "S-1-5-21-1035856440-4137329016-3276773158-519", "PrincipalType": "Group"}, {"RightName": "WriteOwner", "AceType": "", "IsInherited": false, "PrincipalSID": "S-1-5-21-1035856440-4137329016-3276773158-519", "PrincipalType": "Group"}, {"RightName": "ExtendedRight", "AceType": "All", "IsInherited": false, "PrincipalSID": "S-1-5-21-1035856440-4137329016-3276773158-519", "PrincipalType": "Group"}, {"RightName": "WriteDacl", "AceType": "", "IsInherited": false, "PrincipalSID": "S-1-5-21-1035856440-4137329016-3276773158-519", "PrincipalType": "Group"}, {"RightName": "GenericWrite", "AceType": "", "IsInherited": false, "PrincipalSID": "MEGACORP.LOCAL-S-1-5-32-544", "PrincipalType": "Group"}, {"RightName": "WriteOwner", "AceType": "", "IsInherited": false, "PrincipalSID": "MEGACORP.LOCAL-S-1-5-32-544", "PrincipalType": "Group"}, {"RightName": "ExtendedRight", "AceType": "All", "IsInherited": false, "PrincipalSID": "MEGACORP.LOCAL-S-1-5-32-544", "PrincipalType": "Group"}, {"RightName": "WriteDacl", "AceType": "", "IsInherited": false, "PrincipalSID": "MEGACORP.LOCAL-S-1-5-32-544", "PrincipalType": "Group"}], "SPNTargets": [], "HasSIDHistory": []},{"AllowedToDelegate": [], "ObjectIdentifier": "S-1-5-21-1035856440-4137329016-3276773158-500", "PrimaryGroupSid": "S-1-5-21-1035856440-4137329016-3276773158-513", "Properties": {"name": "ADMINISTRATOR@MEGACORP.LOCAL", "domain": "MEGACORP.LOCAL", "objectid": "S-1-5-21-1035856440-4137329016-3276773158-500", "distinguishedname": "CN=Administrator,CN=Users,DC=MEGACORP,DC=LOCAL", "highvalue": false, "unconstraineddelegation": false, "passwordnotreqd": false, "enabled": true, "lastlogon": 1584752970, "lastlogontimestamp": 1592078314, "pwdlastset": 1584471127, "dontreqpreauth": false, "pwdneverexpires": false, "sensitive": false, "serviceprincipalnames": [], "hasspn": false, "displayname": null, "email": null, "title": null, "homedirectory": null, "description": "Built-in account for administering the computer/domain", "userpassword": null, "admincount": true, "sidhistory": []}, "Aces": [{"RightName": "Owner", "AceType": "", "IsInherited": false, "PrincipalSID": "S-1-5-21-1035856440-4137329016-3276773158-512", "PrincipalType": "Group"}, {"RightName": "GenericWrite", "AceType": "", "IsInherited": false, "PrincipalSID": "S-1-5-21-1035856440-4137329016-3276773158-512", "PrincipalType": "Group"}, {"RightName": "WriteOwner", "AceType": "", "IsInherited": false, "PrincipalSID": "S-1-5-21-1035856440-4137329016-3276773158-512", "PrincipalType": "Group"}, {"RightName": "ExtendedRight", "AceType": "All", "IsInherited": false, "PrincipalSID": "S-1-5-21-1035856440-4137329016-3276773158-512", "PrincipalType": "Group"}, {"RightName": "WriteDacl", "AceType": "", "IsInherited": false, "PrincipalSID": "S-1-5-21-1035856440-4137329016-3276773158-512", "PrincipalType": "Group"}, {"RightName": "GenericWrite", "AceType": "", "IsInherited": false, "PrincipalSID": "S-1-5-21-1035856440-4137329016-3276773158-519", "PrincipalType": "Group"}, {"RightName": "WriteOwner", "AceType": "", "IsInherited": false, "PrincipalSID": "S-1-5-21-1035856440-4137329016-3276773158-519", "PrincipalType": "Group"}, {"RightName": "ExtendedRight", "AceType": "All", "IsInherited": false, "PrincipalSID": "S-1-5-21-1035856440-4137329016-3276773158-519", "PrincipalType": "Group"}, {"RightName": "WriteDacl", "AceType": "", "IsInherited": false, "PrincipalSID": "S-1-5-21-1035856440-4137329016-3276773158-519", "PrincipalType": "Group"}, {"RightName": "GenericWrite", "AceType": "", "IsInherited": false, "PrincipalSID": "MEGACORP.LOCAL-S-1-5-32-544", "PrincipalType": "Group"}, {"RightName": "WriteOwner", "AceType": "", "IsInherited": false, "PrincipalSID": "MEGACORP.LOCAL-S-1-5-32-544", "PrincipalType": "Group"}, {"RightName": "ExtendedRight", "AceType": "All", "IsInherited": false, "PrincipalSID": "MEGACORP.LOCAL-S-1-5-32-544", "PrincipalType": "Group"}, {"RightName": "WriteDacl", "AceType": "", "IsInherited": false, "PrincipalSID": "MEGACORP.LOCAL-S-1-5-32-544", "PrincipalType": "Group"}], "SPNTargets": [], "HasSIDHistory": []}],"meta":{"type":"users","count":5, "version":3}}